<?xml version="1.0" encoding="utf-8"?>
<appengine-web-app xmlns="http://appengine.google.com/ns/1.0">
  <application>ak-productfinder</application>
  <sessions-enabled>false</sessions-enabled>
  <version>1</version>
  <threadsafe>false</threadsafe>
  
  <!--
    By default, App Engine sends requests serially to a given web server.
    To allow App Engine to send multiple requests in parallel specify:

      <threadsafe>true</threadsafe>
  -->
 
  <!-- Configure java.util.logging -->
  <system-properties>
    <property name="java.util.logging.config.file" value="WEB-INF/logging.properties"/>
  </system-properties>
 <static-files>
  <include path="/favicon.ico" />
  <include path="/localindex.html" />
</static-files>
</appengine-web-app>
